filename,actual_genre,predicted_genre,confidence_score,top_3_predictions,correct_prediction
1005331.jpg,Action,Drama,1.0,Drama > Thriller > Romance,N
101.jpg,Action,Drama,1.0,Drama > Thriller > Romance,N
1011985.jpg,Action,Drama,1.0,Drama > Thriller > Romance,N
10138.jpg,Action,Drama,1.0,Drama > Thriller > Romance,N
1014505.jpg,Action,Action,0.9999,Action > Drama > Thriller,Y
102651.jpg,Action,Drama,1.0,Drama > Thriller > Romance,N
1029575.jpg,Action,Drama,1.0,Drama > Thriller > Romance,N
1035048.jpg,Action,Drama,1.0,Drama > Thriller > Romance,N
1043905.jpg,Action,Drama,1.0,Drama > Thriller > Romance,N
1045938.jpg,Action,Drama,1.0,Drama > Thriller > Romance,N
1051896.jpg,Action,Drama,1.0,Drama > Thriller > Romance,N
106.jpg,Action,Drama,1.0,Drama > Thriller > Romance,N
1062276.jpg,Action,Drama,1.0,Drama > Thriller > Romance,N
1077782.jpg,Action,Drama,1.0,Drama > Thriller > Romance,N
1081012.jpg,Action,Drama,1.0,Drama > Thriller > Romance,N
1084736.jpg,Action,Drama,1.0,Drama > Thriller > Romance,N
1087192.jpg,Action,Drama,1.0,Drama > Thriller > Romance,N
1087891.jpg,Action,Thriller,1.0,Thriller > Romance > Drama,N
1092899.jpg,Action,Drama,1.0,Drama > Thriller > Romance,N
11.jpg,Action,Thriller,1.0,Thriller > Romance > Drama,N
111.jpg,Action,Drama,1.0,Drama > Thriller > Romance,N
1114894.jpg,Action,Drama,1.0,Drama > Thriller > Romance,N
1118031.jpg,Action,Drama,1.0,Drama > Thriller > Romance,N
1125899.jpg,Action,Drama,1.0,Drama > Thriller > Romance,N
1126166.jpg,Action,Drama,1.0,Drama > Thriller > Romance,N
1143407.jpg,Action,Thriller,1.0,Thriller > Romance > Drama,N
1147416.jpg,Action,Drama,1.0,Drama > Thriller > Romance,N
1147710.jpg,Action,Drama,1.0,Drama > Thriller > Romance,N
1151470.jpg,Action,Drama,1.0,Drama > Thriller > Romance,N
1160956.jpg,Action,Drama,1.0,Drama > Thriller > Romance,N
1180906.jpg,Action,Drama,1.0,Drama > Thriller > Romance,N
1182387.jpg,Action,Drama,1.0,Drama > Thriller > Romance,N
1188104.jpg,Action,Action,1.0,Action > Thriller > Romance,Y
1195430.jpg,Action,Drama,1.0,Drama > Thriller > Romance,N
1195585.jpg,Action,Drama,1.0,Drama > Thriller > Romance,N
1196943.jpg,Action,Drama,1.0,Drama > Thriller > Romance,N
1197306.jpg,Action,Thriller,1.0,Thriller > Romance > Drama,N
120.jpg,Action,Drama,1.0,Drama > Thriller > Romance,N
1203329.jpg,Action,Drama,1.0,Drama > Thriller > Romance,N
121.jpg,Action,Drama,1.0,Drama > Thriller > Romance,N
1212855.jpg,Action,Drama,1.0,Drama > Thriller > Romance,N
1217379.jpg,Action,Thriller,1.0,Thriller > Romance > Drama,N
1217690.jpg,Action,Drama,1.0,Drama > Thriller > Romance,N
122.jpg,Action,Drama,1.0,Drama > Thriller > Romance,N
1225915.jpg,Action,Drama,1.0,Drama > Thriller > Romance,N
122917.jpg,Action,Drama,1.0,Drama > Thriller > Romance,N
1229730.jpg,Action,Drama,1.0,Drama > Thriller > Romance,N
1230208.jpg,Action,Drama,1.0,Drama > Thriller > Romance,N
1233069.jpg,Action,Drama,1.0,Drama > Thriller > Romance,N
1235623.jpg,Action,Drama,1.0,Drama > Thriller > Romance,N
1241436.jpg,Action,Drama,1.0,Drama > Thriller > Romance,N
1242898.jpg,Action,Drama,1.0,Drama > Thriller > Romance,N
1244361.jpg,Action,Thriller,1.0,Thriller > Drama > Romance,N
1255020.jpg,Action,Drama,1.0,Drama > Thriller > Romance,N
1255788.jpg,Action,Drama,1.0,Drama > Thriller > Romance,N
1259024.jpg,Action,Drama,1.0,Drama > Thriller > Romance,N
1261050.jpg,Action,Thriller,1.0,Thriller > Drama > Romance,N
1276073.jpg,Action,Drama,1.0,Drama > Thriller > Romance,N
1293286.jpg,Action,Thriller,1.0,Thriller > Romance > Drama,N
1297763.jpg,Action,Drama,1.0,Drama > Thriller > Romance,N
1299652.jpg,Action,Drama,1.0,Drama > Thriller > Romance,N
1311031.jpg,Action,Drama,1.0,Drama > Thriller > Romance,N
1312833.jpg,Action,Drama,1.0,Drama > Thriller > Romance,N
1333100.jpg,Action,Drama,1.0,Drama > Thriller > Romance,N
1353117.jpg,Action,Drama,1.0,Drama > Thriller > Romance,N
135397.jpg,Action,Drama,1.0,Drama > Thriller > Romance,N
1356039.jpg,Action,Drama,1.0,Drama > Thriller > Romance,N
1357305.jpg,Action,Drama,1.0,Drama > Thriller > Romance,N
1357633.jpg,Action,Drama,1.0,Drama > Thriller > Romance,N
1373723.jpg,Action,Drama,1.0,Drama > Thriller > Romance,N
1382406.jpg,Action,Drama,1.0,Drama > Thriller > Romance,N
1405338.jpg,Action,Drama,1.0,Drama > Thriller > Romance,N
140607.jpg,Action,Drama,1.0,Drama > Thriller > Romance,N
1407861.jpg,Action,Drama,1.0,Drama > Thriller > Romance,N
1410082.jpg,Action,Drama,1.0,Drama > Thriller > Romance,N
141052.jpg,Action,Drama,1.0,Drama > Thriller > Romance,N
1414048.jpg,Action,Drama,1.0,Drama > Thriller > Romance,N
1495.jpg,Action,Drama,1.0,Drama > Thriller > Romance,N
155.jpg,Action,Drama,1.0,Drama > Thriller > Romance,N
156022.jpg,Action,Drama,1.0,Drama > Thriller > Romance,N
1726.jpg,Action,Drama,1.0,Drama > Thriller > Romance,N
177572.jpg,Action,Drama,1.0,Drama > Thriller > Romance,N
18.jpg,Action,Drama,1.0,Drama > Thriller > Romance,N
181808.jpg,Action,Drama,1.0,Drama > Thriller > Romance,N
1930.jpg,Action,Drama,1.0,Drama > Thriller > Romance,N
198663.jpg,Action,Drama,1.0,Drama > Thriller > Romance,N
19995.jpg,Action,Drama,1.0,Drama > Thriller > Romance,N
206647.jpg,Action,Drama,1.0,Drama > Thriller > Romance,N
20982.jpg,Action,Drama,1.0,Drama > Thriller > Romance,N
218.jpg,Action,Drama,1.0,Drama > Thriller > Romance,N
22.jpg,Action,Drama,1.0,Drama > Thriller > Romance,N
23728.jpg,Action,Drama,1.0,Drama > Thriller > Romance,N
240832.jpg,Action,Drama,1.0,Drama > Thriller > Romance,N
24428.jpg,Action,Drama,1.0,Drama > Thriller > Romance,N
257344.jpg,Action,Drama,1.0,Drama > Thriller > Romance,N
267860.jpg,Action,Action,1.0,Action > Thriller > Romance,Y
27022.jpg,Action,Drama,1.0,Drama > Thriller > Romance,N
271110.jpg,Action,Drama,1.0,Drama > Thriller > Romance,N
272.jpg,Action,Drama,1.0,Drama > Thriller > Romance,N
27205.jpg,Action,Drama,1.0,Drama > Thriller > Romance,N
274857.jpg,Action,Drama,1.0,Drama > Thriller > Romance,N
27578.jpg,Action,Drama,1.0,Drama > Thriller > Romance,N
283995.jpg,Action,Drama,1.0,Drama > Thriller > Romance,N
284053.jpg,Action,Drama,1.0,Drama > Thriller > Romance,N
285.jpg,Action,Drama,1.0,Drama > Thriller > Romance,N
28966.jpg,Action,Drama,1.0,Drama > Thriller > Romance,N
297762.jpg,Action,Thriller,1.0,Thriller > Romance > Drama,N
298618.jpg,Action,Drama,1.0,Drama > Thriller > Romance,N
299534.jpg,Action,Drama,1.0,Drama > Thriller > Romance,N
299536.jpg,Action,Drama,1.0,Drama > Thriller > Romance,N
299537.jpg,Action,Drama,1.0,Drama > Thriller > Romance,N
299687.jpg,Action,Drama,1.0,Drama > Thriller > Romance,N
308531.jpg,Action,Drama,1.0,Drama > Thriller > Romance,N
317442.jpg,Action,Drama,1.0,Drama > Thriller > Romance,N
319.jpg,Action,Drama,1.0,Drama > Thriller > Romance,N
324544.jpg,Action,Drama,1.0,Drama > Thriller > Romance,N
324552.jpg,Action,Drama,1.0,Drama > Thriller > Romance,N
324568.jpg,Action,Drama,1.0,Drama > Thriller > Romance,N
324857.jpg,Action,Drama,1.0,Drama > Thriller > Romance,N
335988.jpg,Action,Drama,1.0,Drama > Thriller > Romance,N
339846.jpg,Action,Drama,1.0,Drama > Thriller > Romance,N
343668.jpg,Action,Drama,1.0,Drama > Thriller > Romance,N
34433.jpg,Action,Action,1.0,Action > Thriller > Romance,Y
346672.jpg,Action,Drama,1.0,Drama > Thriller > Romance,N
346910.jpg,Action,Drama,1.0,Drama > Thriller > Romance,N
34851.jpg,Action,Drama,1.0,Drama > Thriller > Romance,N
351286.jpg,Action,Drama,1.0,Drama > Thriller > Romance,N
353081.jpg,Action,Drama,1.0,Drama > Thriller > Romance,N
365177.jpg,Action,Drama,1.0,Drama > Thriller > Romance,N
36643.jpg,Action,Drama,1.0,Drama > Thriller > Romance,N
36728.jpg,Action,Drama,1.0,Drama > Thriller > Romance,N
374205.jpg,Action,Drama,1.0,Drama > Thriller > Romance,N
374720.jpg,Action,Drama,1.0,Drama > Thriller > Romance,N
379149.jpg,Action,Drama,1.0,Drama > Thriller > Romance,N
385687.jpg,Action,Drama,1.0,Drama > Thriller > Romance,N
38575.jpg,Action,Drama,1.0,Drama > Thriller > Romance,N
38700.jpg,Action,Drama,1.0,Drama > Thriller > Romance,N
39254.jpg,Action,Action,1.0,Action > Drama > Thriller,Y
393.jpg,Action,Drama,1.0,Drama > Thriller > Romance,N
39514.jpg,Action,Drama,1.0,Drama > Thriller > Romance,N
395991.jpg,Action,Drama,1.0,Drama > Thriller > Romance,N
396535.jpg,Action,Drama,1.0,Drama > Thriller > Romance,N
397567.jpg,Action,Drama,1.0,Drama > Thriller > Romance,N
399579.jpg,Action,Drama,1.0,Drama > Thriller > Romance,N
402900.jpg,Action,Drama,1.0,Drama > Thriller > Romance,N
406759.jpg,Action,Drama,1.0,Drama > Thriller > Romance,N
406990.jpg,Action,Drama,1.0,Drama > Thriller > Romance,N
41154.jpg,Action,Drama,1.0,Drama > Thriller > Romance,N
415.jpg,Action,Drama,1.0,Drama > Thriller > Romance,N
420809.jpg,Action,Drama,1.0,Drama > Thriller > Romance,N
423204.jpg,Action,Drama,1.0,Drama > Thriller > Romance,N
427641.jpg,Action,Drama,1.0,Drama > Thriller > Romance,N
429617.jpg,Action,Drama,1.0,Drama > Thriller > Romance,N
43074.jpg,Action,Drama,1.0,Drama > Thriller > Romance,N
435.jpg,Action,Drama,1.0,Drama > Thriller > Romance,N
436270.jpg,Action,Drama,1.0,Drama > Thriller > Romance,N
440.jpg,Action,Drama,1.0,Drama > Thriller > Romance,N
447200.jpg,Action,Drama,1.0,Drama > Thriller > Romance,N
447365.jpg,Action,Action,1.0,Action > Thriller > Romance,Y
447404.jpg,Action,Drama,1.0,Drama > Thriller > Romance,N
4476.jpg,Action,Drama,1.0,Drama > Thriller > Romance,N
44833.jpg,Action,Action,1.0,Action > Drama > Thriller,Y
449443.jpg,Action,Drama,1.0,Drama > Thriller > Romance,N
453395.jpg,Action,Drama,1.0,Drama > Thriller > Romance,N
454640.jpg,Action,Drama,1.0,Drama > Thriller > Romance,N
456740.jpg,Action,Drama,1.0,Drama > Thriller > Romance,N
4614.jpg,Action,Drama,1.0,Drama > Thriller > Romance,N
474395.jpg,Action,Drama,1.0,Drama > Thriller > Romance,N
483456.jpg,Action,Drama,1.0,Drama > Thriller > Romance,N
49026.jpg,Action,Drama,1.0,Drama > Thriller > Romance,N
49051.jpg,Action,Drama,1.0,Drama > Thriller > Romance,N
4909.jpg,Action,Drama,1.0,Drama > Thriller > Romance,N
49521.jpg,Action,Drama,1.0,Drama > Thriller > Romance,N
49524.jpg,Action,Thriller,1.0,Thriller > Romance > Drama,N
495764.jpg,Action,Drama,1.0,Drama > Thriller > Romance,N
496450.jpg,Action,Drama,1.0,Drama > Thriller > Romance,N
49849.jpg,Action,Thriller,1.0,Thriller > Drama > Romance,N
503736.jpg,Action,Drama,1.0,Drama > Thriller > Romance,N
505642.jpg,Action,Drama,1.0,Drama > Thriller > Romance,N
507086.jpg,Action,Drama,1.0,Drama > Thriller > Romance,N
512195.jpg,Action,Drama,1.0,Drama > Thriller > Romance,N
5174.jpg,Action,Drama,1.0,Drama > Thriller > Romance,N
5175.jpg,Action,Drama,1.0,Drama > Thriller > Romance,N
522162.jpg,Action,Drama,1.0,Drama > Thriller > Romance,N
522938.jpg,Action,Drama,1.0,Drama > Thriller > Romance,N
524047.jpg,Action,Drama,1.0,Drama > Thriller > Romance,N
524434.jpg,Action,Drama,1.0,Drama > Thriller > Romance,N
525.jpg,Action,Drama,1.0,Drama > Thriller > Romance,N
527774.jpg,Action,Drama,1.0,Drama > Thriller > Romance,N
53182.jpg,Action,Drama,1.0,Drama > Thriller > Romance,N
533535.jpg,Action,Drama,1.0,Drama > Thriller > Romance,N
534.jpg,Action,Drama,1.0,Drama > Thriller > Romance,N
539972.jpg,Action,Drama,1.0,Drama > Thriller > Romance,N
541671.jpg,Action,Drama,1.0,Drama > Thriller > Romance,N
545609.jpg,Action,Drama,1.0,Drama > Thriller > Romance,N
545611.jpg,Action,Drama,1.0,Drama > Thriller > Romance,N
5503.jpg,Action,Drama,1.0,Drama > Thriller > Romance,N
5548.jpg,Action,Drama,1.0,Drama > Thriller > Romance,N
557.jpg,Action,Drama,1.0,Drama > Thriller > Romance,N
558.jpg,Action,Drama,1.0,Drama > Thriller > Romance,N
558449.jpg,Action,Drama,1.0,Drama > Thriller > Romance,N
559.jpg,Action,Drama,1.0,Drama > Thriller > Romance,N
560057.jpg,Action,Thriller,1.0,Thriller > Romance > Drama,N
561.jpg,Action,Drama,1.0,Drama > Thriller > Romance,N
562.jpg,Action,Drama,1.0,Drama > Thriller > Romance,N
56292.jpg,Action,Drama,1.0,Drama > Thriller > Romance,N
563.jpg,Action,Drama,1.0,Drama > Thriller > Romance,N
564.jpg,Action,Drama,1.0,Drama > Thriller > Romance,N
565770.jpg,Action,Drama,1.0,Drama > Thriller > Romance,N
566525.jpg,Action,Drama,1.0,Drama > Thriller > Romance,N
567189.jpg,Action,Drama,1.0,Drama > Thriller > Romance,N
568620.jpg,Action,Drama,1.0,Drama > Thriller > Romance,N
569094.jpg,Action,Drama,1.0,Drama > Thriller > Romance,N
57158.jpg,Action,Drama,1.0,Drama > Thriller > Romance,N
57165.jpg,Action,Drama,1.0,Drama > Thriller > Romance,N
572802.jpg,Action,Drama,1.0,Drama > Thriller > Romance,N
573435.jpg,Action,Drama,1.0,Drama > Thriller > Romance,N
575264.jpg,Action,Drama,1.0,Drama > Thriller > Romance,N
575265.jpg,Action,Thriller,1.0,Thriller > Romance > Drama,N
579974.jpg,Action,Drama,1.0,Drama > Thriller > Romance,N
58.jpg,Action,Drama,1.0,Drama > Thriller > Romance,N
58574.jpg,Action,Drama,1.0,Drama > Thriller > Romance,N
59440.jpg,Action,Drama,1.0,Drama > Thriller > Romance,N
602.jpg,Action,Drama,1.0,Drama > Thriller > Romance,N
603.jpg,Action,Drama,1.0,Drama > Thriller > Romance,N
60304.jpg,Action,Drama,1.0,Drama > Thriller > Romance,N
603692.jpg,Action,Drama,1.0,Drama > Thriller > Romance,N
604.jpg,Action,Drama,1.0,Drama > Thriller > Romance,N
604685.jpg,Action,Drama,1.0,Drama > Thriller > Romance,N
605.jpg,Action,Drama,1.0,Drama > Thriller > Romance,N
607.jpg,Action,Drama,1.0,Drama > Thriller > Romance,N
608.jpg,Action,Drama,1.0,Drama > Thriller > Romance,N
609681.jpg,Action,Drama,1.0,Drama > Thriller > Romance,N
615173.jpg,Action,Drama,1.0,Drama > Thriller > Romance,N
615656.jpg,Action,Drama,1.0,Drama > Thriller > Romance,N
616.jpg,Action,Drama,1.0,Drama > Thriller > Romance,N
616037.jpg,Action,Drama,1.0,Drama > Thriller > Romance,N
617653.jpg,Action,Drama,1.0,Drama > Thriller > Romance,N
61791.jpg,Action,Drama,1.0,Drama > Thriller > Romance,N
62177.jpg,Action,Drama,1.0,Drama > Thriller > Romance,N
624860.jpg,Action,Drama,1.0,Drama > Thriller > Romance,N
627336.jpg,Action,Drama,1.0,Drama > Thriller > Romance,N
629176.jpg,Action,Drama,1.0,Drama > Thriller > Romance,N
634492.jpg,Action,Drama,1.0,Drama > Thriller > Romance,N
635302.jpg,Action,Drama,1.0,Drama > Thriller > Romance,N
637649.jpg,Action,Drama,1.0,Drama > Thriller > Romance,N
639933.jpg,Action,Drama,1.0,Drama > Thriller > Romance,N
640146.jpg,Action,Drama,1.0,Drama > Thriller > Romance,N
646097.jpg,Action,Drama,1.0,Drama > Thriller > Romance,N
64688.jpg,Action,Drama,1.0,Drama > Thriller > Romance,N
653346.jpg,Action,Action,1.0,Action > Thriller > Romance,Y
658.jpg,Action,Drama,1.0,Drama > Thriller > Romance,N
662638.jpg,Action,Drama,1.0,Drama > Thriller > Romance,N
6637.jpg,Action,Drama,1.0,Drama > Thriller > Romance,N
664.jpg,Action,Drama,1.0,Drama > Thriller > Romance,N
667538.jpg,Action,Drama,1.0,Drama > Thriller > Romance,N
668489.jpg,Action,Drama,1.0,Drama > Thriller > Romance,N
670.jpg,Action,Thriller,1.0,Thriller > Romance > Drama,N
676.jpg,Action,Drama,1.0,Drama > Thriller > Romance,N
677179.jpg,Action,Drama,1.0,Drama > Thriller > Romance,N
679.jpg,Action,Drama,1.0,Drama > Thriller > Romance,N
68726.jpg,Action,Drama,1.0,Drama > Thriller > Romance,N
68735.jpg,Action,Drama,1.0,Drama > Thriller > Romance,N
695721.jpg,Action,Drama,1.0,Drama > Thriller > Romance,N
697843.jpg,Action,Drama,1.0,Drama > Thriller > Romance,N
700391.jpg,Action,Drama,1.0,Drama > Thriller > Romance,N
7131.jpg,Action,Drama,1.0,Drama > Thriller > Romance,N
714.jpg,Action,Drama,1.0,Drama > Thriller > Romance,N
718821.jpg,Action,Thriller,1.0,Thriller > Romance > Drama,N
72190.jpg,Action,Drama,1.0,Drama > Thriller > Romance,N
7220.jpg,Action,Drama,1.0,Drama > Thriller > Romance,N
725201.jpg,Action,Drama,1.0,Drama > Thriller > Romance,N
72559.jpg,Action,Drama,1.0,Drama > Thriller > Romance,N
726139.jpg,Action,Drama,1.0,Drama > Thriller > Romance,N
739405.jpg,Action,Drama,1.0,Drama > Thriller > Romance,N
744.jpg,Action,Drama,1.0,Drama > Thriller > Romance,N
7446.jpg,Action,Drama,1.0,Drama > Thriller > Romance,N
7451.jpg,Action,Drama,1.0,Drama > Thriller > Romance,N
746036.jpg,Action,Drama,1.0,Drama > Thriller > Romance,N
7485.jpg,Action,Drama,1.0,Drama > Thriller > Romance,N
752.jpg,Action,Drama,1.0,Drama > Thriller > Romance,N
752623.jpg,Action,Drama,1.0,Drama > Thriller > Romance,N
754.jpg,Action,Drama,1.0,Drama > Thriller > Romance,N
755.jpg,Action,Drama,1.0,Drama > Thriller > Romance,N
7555.jpg,Action,Drama,1.0,Drama > Thriller > Romance,N
755679.jpg,Action,Drama,1.0,Drama > Thriller > Romance,N
75780.jpg,Action,Drama,1.0,Drama > Thriller > Romance,N
76163.jpg,Action,Drama,1.0,Drama > Thriller > Romance,N
762430.jpg,Action,Drama,1.0,Drama > Thriller > Romance,N
763215.jpg,Action,Drama,1.0,Drama > Thriller > Romance,N
763285.jpg,Action,Drama,1.0,Drama > Thriller > Romance,N
76338.jpg,Action,Drama,1.0,Drama > Thriller > Romance,N
76341.jpg,Action,Drama,1.0,Drama > Thriller > Romance,N
76600.jpg,Action,Drama,1.0,Drama > Thriller > Romance,N
766507.jpg,Action,Drama,1.0,Drama > Thriller > Romance,N
1012290.jpg,Comedy,Drama,1.0,Drama > Thriller > Romance,N
1013850.jpg,Comedy,Drama,1.0,Drama > Thriller > Romance,N
10192.jpg,Comedy,Drama,1.0,Drama > Thriller > Romance,N
10193.jpg,Comedy,Drama,1.0,Drama > Thriller > Romance,N
1022789.jpg,Comedy,Drama,1.0,Drama > Thriller > Romance,N
105.jpg,Comedy,Drama,1.0,Drama > Thriller > Romance,N
1055451.jpg,Comedy,Drama,1.0,Drama > Thriller > Romance,N
1059073.jpg,Comedy,Drama,1.0,Drama > Thriller > Romance,N
10625.jpg,Comedy,Drama,1.0,Drama > Thriller > Romance,N
1064213.jpg,Comedy,Drama,1.0,Drama > Thriller > Romance,N
1064486.jpg,Comedy,Drama,1.0,Drama > Thriller > Romance,N
106646.jpg,Comedy,Drama,1.0,Drama > Thriller > Romance,N
1072790.jpg,Comedy,Drama,1.0,Drama > Thriller > Romance,N
1084153.jpg,Comedy,Drama,1.0,Drama > Thriller > Romance,N
1086548.jpg,Comedy,Thriller,1.0,Thriller > Romance > Drama,N
1088570.jpg,Comedy,Drama,1.0,Drama > Thriller > Romance,N
10925.jpg,Comedy,Drama,1.0,Drama > Thriller > Romance,N
109418.jpg,Comedy,Drama,1.0,Drama > Thriller > Romance,N
1101401.jpg,Comedy,Drama,1.0,Drama > Thriller > Romance,N
1124620.jpg,Comedy,Thriller,1.0,Thriller > Romance > Drama,N
11379.jpg,Comedy,Drama,1.0,Drama > Thriller > Romance,N
114.jpg,Comedy,Drama,1.0,Drama > Thriller > Romance,N
1141233.jpg,Comedy,Drama,1.0,Drama > Thriller > Romance,N
1144577.jpg,Comedy,Drama,1.0,Drama > Thriller > Romance,N
1151506.jpg,Comedy,Drama,1.0,Drama > Thriller > Romance,N
1153714.jpg,Comedy,Action,1.0,Action > Thriller > Romance,N
11544.jpg,Comedy,Drama,1.0,Drama > Thriller > Romance,N
116745.jpg,Comedy,Drama,1.0,Drama > Thriller > Romance,N
11688.jpg,Comedy,Drama,1.0,Drama > Thriller > Romance,N
118.jpg,Comedy,Drama,1.0,Drama > Thriller > Romance,N
11826.jpg,Comedy,Drama,1.0,Drama > Thriller > Romance,N
1187294.jpg,Comedy,Drama,1.0,Drama > Thriller > Romance,N
1199840.jpg,Comedy,Drama,1.0,Drama > Thriller > Romance,N
1201012.jpg,Comedy,Drama,1.0,Drama > Thriller > Romance,N
1201176.jpg,Comedy,Drama,1.0,Drama > Thriller > Romance,N
1204892.jpg,Comedy,Drama,1.0,Drama > Thriller > Romance,N
1212142.jpg,Comedy,Drama,1.0,Drama > Thriller > Romance,N
1217876.jpg,Comedy,Drama,1.0,Drama > Thriller > Romance,N
1221404.jpg,Comedy,Drama,1.0,Drama > Thriller > Romance,N
1226406.jpg,Comedy,Drama,1.0,Drama > Thriller > Romance,N
1226572.jpg,Comedy,Drama,1.0,Drama > Thriller > Romance,N
1241982.jpg,Comedy,Drama,1.0,Drama > Thriller > Romance,N
1254786.jpg,Comedy,Drama,1.0,Drama > Thriller > Romance,N
12606.jpg,Comedy,Drama,1.0,Drama > Thriller > Romance,N
1265623.jpg,Comedy,Drama,1.0,Drama > Thriller > Romance,N
1272149.jpg,Comedy,Drama,1.0,Drama > Thriller > Romance,N
1280672.jpg,Comedy,Drama,1.0,Drama > Thriller > Romance,N
1284120.jpg,Comedy,Drama,1.0,Drama > Thriller > Romance,N
1294947.jpg,Comedy,Thriller,1.0,Thriller > Romance > Drama,N
1297188.jpg,Comedy,Drama,1.0,Drama > Thriller > Romance,N
13.jpg,Comedy,Drama,1.0,Drama > Thriller > Romance,N
1302916.jpg,Comedy,Drama,1.0,Drama > Thriller > Romance,N
1304594.jpg,Comedy,Drama,1.0,Drama > Thriller > Romance,N
1329336.jpg,Comedy,Drama,1.0,Drama > Thriller > Romance,N
1354627.jpg,Comedy,Action,1.0,Action > Drama > Thriller,N
1371727.jpg,Comedy,Drama,1.0,Drama > Thriller > Romance,N
1403735.jpg,Comedy,Drama,1.0,Drama > Thriller > Romance,N
14160.jpg,Comedy,Drama,1.0,Drama > Thriller > Romance,N
1462199.jpg,Comedy,Drama,1.0,Drama > Thriller > Romance,N
150540.jpg,Comedy,Drama,1.0,Drama > Thriller > Romance,N
15265.jpg,Comedy,Thriller,1.0,Thriller > Romance > Drama,N
186622.jpg,Comedy,Drama,1.0,Drama > Thriller > Romance,N
18785.jpg,Comedy,Drama,1.0,Drama > Thriller > Romance,N
19053.jpg,Comedy,Drama,1.0,Drama > Thriller > Romance,N
194.jpg,Comedy,Drama,1.0,Drama > Thriller > Romance,N
20352.jpg,Comedy,Drama,1.0,Drama > Thriller > Romance,N
20521.jpg,Comedy,Drama,1.0,Drama > Thriller > Romance,N
2062.jpg,Comedy,Drama,1.0,Drama > Thriller > Romance,N
2108.jpg,Comedy,Drama,1.0,Drama > Thriller > Romance,N
2322.jpg,Comedy,Drama,1.0,Drama > Thriller > Romance,N
24929.jpg,Comedy,Drama,1.0,Drama > Thriller > Romance,N
257211.jpg,Comedy,Drama,1.0,Drama > Thriller > Romance,N
2609.jpg,Comedy,Drama,1.0,Drama > Thriller > Romance,N
264859.jpg,Comedy,Drama,1.0,Drama > Thriller > Romance,N
269149.jpg,Comedy,Thriller,1.0,Thriller > Romance > Drama,N
274479.jpg,Comedy,Drama,1.0,Drama > Thriller > Romance,N
2758.jpg,Comedy,Drama,1.0,Drama > Thriller > Romance,N
28597.jpg,Comedy,Drama,1.0,Drama > Thriller > Romance,N
293660.jpg,Comedy,Drama,1.0,Drama > Thriller > Romance,N
2976.jpg,Comedy,Drama,1.0,Drama > Thriller > Romance,N
3080.jpg,Comedy,Drama,1.0,Drama > Thriller > Romance,N
313369.jpg,Comedy,Drama,1.0,Drama > Thriller > Romance,N
315162.jpg,Comedy,Drama,1.0,Drama > Thriller > Romance,N
319888.jpg,Comedy,Drama,1.0,Drama > Thriller > Romance,N
337404.jpg,Comedy,Drama,1.0,Drama > Thriller > Romance,N
34016.jpg,Comedy,Drama,1.0,Drama > Thriller > Romance,N
341012.jpg,Comedy,Drama,1.0,Drama > Thriller > Romance,N
342473.jpg,Comedy,Drama,1.0,Drama > Thriller > Romance,N
346698.jpg,Comedy,Thriller,1.0,Thriller > Romance > Drama,N
347201.jpg,Comedy,Drama,1.0,Drama > Thriller > Romance,N
350.jpg,Comedy,Drama,1.0,Drama > Thriller > Romance,N
35056.jpg,Comedy,Drama,1.0,Drama > Thriller > Romance,N
353070.jpg,Comedy,Drama,1.0,Drama > Thriller > Romance,N
3563.jpg,Comedy,Thriller,1.0,Thriller > Drama > Romance,N
364689.jpg,Comedy,Drama,1.0,Drama > Thriller > Romance,N
37136.jpg,Comedy,Drama,1.0,Drama > Thriller > Romance,N
37165.jpg,Comedy,Drama,1.0,Drama > Thriller > Romance,N
375262.jpg,Comedy,Drama,1.0,Drama > Thriller > Romance,N
375785.jpg,Comedy,Drama,1.0,Drama > Thriller > Romance,N
376660.jpg,Comedy,Drama,1.0,Drama > Thriller > Romance,N
37735.jpg,Comedy,Drama,1.0,Drama > Thriller > Romance,N
37834.jpg,Comedy,Drama,1.0,Drama > Thriller > Romance,N
379686.jpg,Comedy,Drama,1.0,Drama > Thriller > Romance,N
381289.jpg,Comedy,Drama,1.0,Drama > Thriller > Romance,N
38322.jpg,Comedy,Drama,1.0,Drama > Thriller > Romance,N
38365.jpg,Comedy,Romance,1.0,Romance > Thriller > Drama,N
384018.jpg,Comedy,Action,1.0,Action > Thriller > Romance,N
39451.jpg,Comedy,Drama,1.0,Drama > Thriller > Romance,N
39513.jpg,Comedy,Drama,1.0,Drama > Thriller > Romance,N
3981.jpg,Comedy,Drama,1.0,Drama > Thriller > Romance,N
400155.jpg,Comedy,Drama,1.0,Drama > Thriller > Romance,N
400160.jpg,Comedy,Drama,1.0,Drama > Thriller > Romance,N
400650.jpg,Comedy,Drama,1.0,Drama > Thriller > Romance,N
404368.jpg,Comedy,Drama,1.0,Drama > Thriller > Romance,N
412117.jpg,Comedy,Drama,1.0,Drama > Thriller > Romance,N
41630.jpg,Comedy,Drama,1.0,Drama > Thriller > Romance,N
416477.jpg,Comedy,Drama,1.0,Drama > Thriller > Romance,N
417870.jpg,Comedy,Drama,1.0,Drama > Thriller > Romance,N
419680.jpg,Comedy,Action,1.0,Action > Thriller > Romance,N
420821.jpg,Comedy,Drama,1.0,Drama > Thriller > Romance,N
4247.jpg,Comedy,Drama,1.0,Drama > Thriller > Romance,N
424781.jpg,Comedy,Drama,1.0,Drama > Thriller > Romance,N
4248.jpg,Comedy,Drama,1.0,Drama > Thriller > Romance,N
425.jpg,Comedy,Drama,1.0,Drama > Thriller > Romance,N
4256.jpg,Comedy,Drama,1.0,Drama > Thriller > Romance,N
4257.jpg,Comedy,Drama,1.0,Drama > Thriller > Romance,N
431580.jpg,Comedy,Drama,1.0,Drama > Thriller > Romance,N
433.jpg,Comedy,Drama,1.0,Drama > Thriller > Romance,N
43347.jpg,Comedy,Drama,1.0,Drama > Thriller > Romance,N
436969.jpg,Comedy,Drama,1.0,Drama > Thriller > Romance,N
438148.jpg,Comedy,Drama,1.0,Drama > Thriller > Romance,N
438695.jpg,Comedy,Drama,1.0,Drama > Thriller > Romance,N
445571.jpg,Comedy,Drama,1.0,Drama > Thriller > Romance,N
446893.jpg,Comedy,Drama,1.0,Drama > Thriller > Romance,N
44896.jpg,Comedy,Drama,1.0,Drama > Thriller > Romance,N
4523.jpg,Comedy,Drama,1.0,Drama > Thriller > Romance,N
45243.jpg,Comedy,Drama,1.0,Drama > Thriller > Romance,N
455207.jpg,Comedy,Drama,1.0,Drama > Thriller > Romance,N
4564.jpg,Comedy,Drama,1.0,Drama > Thriller > Romance,N
458423.jpg,Comedy,Action,1.0,Action > Thriller > Romance,N
459151.jpg,Comedy,Thriller,1.0,Thriller > Romance > Drama,N
46195.jpg,Comedy,Drama,1.0,Drama > Thriller > Romance,N
4638.jpg,Comedy,Drama,1.0,Drama > Thriller > Romance,N
466272.jpg,Comedy,Drama,1.0,Drama > Thriller > Romance,N
466282.jpg,Comedy,Drama,1.0,Drama > Thriller > Romance,N
474335.jpg,Comedy,Drama,1.0,Drama > Thriller > Romance,N
479455.jpg,Comedy,Drama,1.0,Drama > Thriller > Romance,N
484247.jpg,Comedy,Drama,1.0,Drama > Thriller > Romance,N
484718.jpg,Comedy,Drama,1.0,Drama > Thriller > Romance,N
487297.jpg,Comedy,Drama,1.0,Drama > Thriller > Romance,N
487558.jpg,Comedy,Drama,1.0,Drama > Thriller > Romance,N
49013.jpg,Comedy,Drama,1.0,Drama > Thriller > Romance,N
491418.jpg,Comedy,Drama,1.0,Drama > Thriller > Romance,N
492.jpg,Comedy,Action,1.0,Action > Drama > Thriller,N
493529.jpg,Comedy,Drama,1.0,Drama > Thriller > Romance,N
4944.jpg,Comedy,Drama,1.0,Drama > Thriller > Romance,N
49444.jpg,Comedy,Drama,1.0,Drama > Thriller > Romance,N
4951.jpg,Comedy,Drama,1.0,Drama > Thriller > Romance,N
4964.jpg,Comedy,Drama,1.0,Drama > Thriller > Romance,N
499701.jpg,Comedy,Drama,1.0,Drama > Thriller > Romance,N
502356.jpg,Comedy,Drama,1.0,Drama > Thriller > Romance,N
50544.jpg,Comedy,Drama,1.0,Drama > Thriller > Romance,N
50546.jpg,Comedy,Drama,1.0,Drama > Thriller > Romance,N
50646.jpg,Comedy,Action,1.0,Action > Thriller > Romance,N
507241.jpg,Comedy,Drama,1.0,Drama > Thriller > Romance,N
508.jpg,Comedy,Drama,1.0,Drama > Thriller > Romance,N
508439.jpg,Comedy,Drama,1.0,Drama > Thriller > Romance,N
508442.jpg,Comedy,Drama,1.0,Drama > Thriller > Romance,N
508943.jpg,Comedy,Drama,1.0,Drama > Thriller > Romance,N
508947.jpg,Comedy,Drama,1.0,Drama > Thriller > Romance,N
509.jpg,Comedy,Drama,1.0,Drama > Thriller > Romance,N
512200.jpg,Comedy,Drama,1.0,Drama > Thriller > Romance,N
515195.jpg,Comedy,Drama,1.0,Drama > Thriller > Romance,N
51540.jpg,Comedy,Romance,1.0,Romance > Thriller > Drama,N
516729.jpg,Comedy,Drama,1.0,Drama > Thriller > Romance,N
519182.jpg,Comedy,Drama,1.0,Drama > Thriller > Romance,N
520758.jpg,Comedy,Drama,1.0,Drama > Thriller > Romance,N
522627.jpg,Comedy,Drama,1.0,Drama > Thriller > Romance,N
522931.jpg,Comedy,Drama,1.0,Drama > Thriller > Romance,N
52449.jpg,Comedy,Drama,1.0,Drama > Thriller > Romance,N
531219.jpg,Comedy,Drama,1.0,Drama > Thriller > Romance,N
532067.jpg,Comedy,Thriller,1.0,Thriller > Romance > Drama,N
533.jpg,Comedy,Drama,1.0,Drama > Thriller > Romance,N
535581.jpg,Comedy,Drama,1.0,Drama > Thriller > Romance,N
537996.jpg,Comedy,Drama,1.0,Drama > Thriller > Romance,N
539681.jpg,Comedy,Drama,1.0,Drama > Thriller > Romance,N
540901.jpg,Comedy,Drama,1.0,Drama > Thriller > Romance,N
544.jpg,Comedy,Drama,1.0,Drama > Thriller > Romance,N
546554.jpg,Comedy,Drama,1.0,Drama > Thriller > Romance,N
550988.jpg,Comedy,Drama,1.0,Drama > Thriller > Romance,N
552524.jpg,Comedy,Drama,1.0,Drama > Thriller > Romance,N
5559.jpg,Comedy,Drama,1.0,Drama > Thriller > Romance,N
55721.jpg,Comedy,Action,0.9741,Action > Romance > Thriller,N
568124.jpg,Comedy,Drama,1.0,Drama > Thriller > Romance,N
57214.jpg,Comedy,Drama,1.0,Drama > Thriller > Romance,N
57800.jpg,Comedy,Drama,1.0,Drama > Thriller > Romance,N
58008.jpg,Comedy,Drama,1.0,Drama > Thriller > Romance,N
5825.jpg,Comedy,Drama,1.0,Drama > Thriller > Romance,N
585.jpg,Comedy,Drama,1.0,Drama > Thriller > Romance,N
585083.jpg,Comedy,Drama,1.0,Drama > Thriller > Romance,N
585245.jpg,Comedy,Drama,1.0,Drama > Thriller > Romance,N
585511.jpg,Comedy,Drama,1.0,Drama > Thriller > Romance,N
587792.jpg,Comedy,Drama,1.0,Drama > Thriller > Romance,N
587807.jpg,Comedy,Drama,1.0,Drama > Thriller > Romance,N
590223.jpg,Comedy,Thriller,1.0,Thriller > Romance > Drama,N
59108.jpg,Comedy,Drama,1.0,Drama > Thriller > Romance,N
592983.jpg,Comedy,Drama,1.0,Drama > Thriller > Romance,N
593643.jpg,Comedy,Drama,1.0,Drama > Thriller > Romance,N
59436.jpg,Comedy,Drama,1.0,Drama > Thriller > Romance,N
614939.jpg,Comedy,Drama,1.0,Drama > Thriller > Romance,N
616747.jpg,Comedy,Drama,1.0,Drama > Thriller > Romance,N
620.jpg,Comedy,Drama,1.0,Drama > Thriller > Romance,N
621.jpg,Comedy,Drama,1.0,Drama > Thriller > Romance,N
62213.jpg,Comedy,Drama,1.0,Drama > Thriller > Romance,N
6279.jpg,Comedy,Drama,1.0,Drama > Thriller > Romance,N
62838.jpg,Comedy,Drama,1.0,Drama > Thriller > Romance,N
629542.jpg,Comedy,Drama,1.0,Drama > Action > Thriller,N
632856.jpg,Comedy,Drama,1.0,Drama > Thriller > Romance,N
634.jpg,Comedy,Drama,1.0,Drama > Thriller > Romance,N
637.jpg,Comedy,Drama,1.0,Drama > Thriller > Romance,N
639.jpg,Comedy,Drama,1.0,Drama > Thriller > Romance,N
639720.jpg,Comedy,Action,1.0,Action > Thriller > Romance,N
639721.jpg,Comedy,Drama,1.0,Drama > Thriller > Romance,N
643215.jpg,Comedy,Drama,1.0,Drama > Thriller > Romance,N
645757.jpg,Comedy,Drama,1.0,Drama > Thriller > Romance,N
6477.jpg,Comedy,Drama,1.0,Drama > Thriller > Romance,N
649609.jpg,Comedy,Drama,1.0,Drama > Thriller > Romance,N
6575.jpg,Comedy,Drama,1.0,Drama > Thriller > Romance,N
661374.jpg,Comedy,Drama,1.0,Drama > Thriller > Romance,N
673593.jpg,Comedy,Drama,1.0,Drama > Thriller > Romance,N
675445.jpg,Comedy,Drama,1.0,Drama > Thriller > Romance,N
693.jpg,Comedy,Drama,1.0,Drama > Thriller > Romance,N
6957.jpg,Comedy,Drama,1.0,Drama > Thriller > Romance,N
703.jpg,Comedy,Drama,1.0,Drama > Thriller > Romance,N
704239.jpg,Comedy,Thriller,1.0,Thriller > Romance > Drama,N
705861.jpg,Comedy,Drama,1.0,Drama > Thriller > Romance,N
71.jpg,Comedy,Drama,1.0,Drama > Thriller > Romance,N
712.jpg,Comedy,Drama,1.0,Drama > Thriller > Romance,N
71552.jpg,Comedy,Romance,1.0,Romance > Thriller > Drama,N
718032.jpg,Comedy,Drama,1.0,Drama > Thriller > Romance,N
718930.jpg,Comedy,Drama,1.0,Drama > Thriller > Romance,N
72105.jpg,Comedy,Drama,1.0,Drama > Thriller > Romance,N
7350.jpg,Comedy,Drama,1.0,Drama > Thriller > Romance,N
7443.jpg,Comedy,Drama,1.0,Drama > Thriller > Romance,N
7453.jpg,Comedy,Drama,1.0,Drama > Thriller > Romance,N
7459.jpg,Comedy,Drama,1.0,Drama > Thriller > Romance,N
74643.jpg,Comedy,Drama,1.0,Drama > Thriller > Romance,N
747.jpg,Comedy,Drama,1.0,Drama > Thriller > Romance,N
7484.jpg,Comedy,Drama,1.0,Drama > Thriller > Romance,N
748783.jpg,Comedy,Thriller,1.0,Thriller > Romance > Drama,N
75.jpg,Comedy,Drama,1.0,Drama > Thriller > Romance,N
7512.jpg,Comedy,Drama,1.0,Drama > Thriller > Romance,N
7518.jpg,Comedy,Drama,1.0,Drama > Thriller > Romance,N
762.jpg,Comedy,Drama,1.0,Drama > Thriller > Romance,N
76493.jpg,Comedy,Drama,1.0,Drama > Thriller > Romance,N
76494.jpg,Comedy,Drama,1.0,Drama > Thriller > Romance,N
772.jpg,Comedy,Drama,1.0,Drama > Thriller > Romance,N
77338.jpg,Comedy,Drama,1.0,Drama > Thriller > Romance,N
774370.jpg,Comedy,Drama,1.0,Drama > Thriller > Romance,N
774752.jpg,Comedy,Drama,1.0,Drama > Thriller > Romance,N
77931.jpg,Comedy,Thriller,1.0,Thriller > Action > Romance,N
77953.jpg,Comedy,Drama,1.0,Drama > Thriller > Romance,N
779782.jpg,Comedy,Drama,1.0,Drama > Thriller > Romance,N
783675.jpg,Comedy,Drama,1.0,Drama > Thriller > Romance,N
787699.jpg,Comedy,Drama,1.0,Drama > Thriller > Romance,N
788.jpg,Comedy,Drama,1.0,Drama > Thriller > Romance,N
792293.jpg,Comedy,Drama,1.0,Drama > Thriller > Romance,N
792307.jpg,Comedy,Drama,1.0,Drama > Thriller > Romance,N
798286.jpg,Comedy,Drama,1.0,Drama > Thriller > Romance,N
8005.jpg,Comedy,Drama,1.0,Drama > Thriller > Romance,N
80321.jpg,Comedy,Drama,1.0,Drama > Thriller > Romance,N
808.jpg,Comedy,Drama,1.0,Drama > Thriller > Romance,N
809.jpg,Comedy,Drama,1.0,Drama > Thriller > Romance,N
810.jpg,Comedy,Drama,1.0,Drama > Thriller > Romance,N
813.jpg,Comedy,Drama,1.0,Drama > Thriller > Romance,N
816.jpg,Comedy,Drama,1.0,Drama > Thriller > Romance,N
817.jpg,Comedy,Drama,1.0,Drama > Thriller > Romance,N
818.jpg,Comedy,Drama,1.0,Drama > Thriller > Romance,N
818647.jpg,Comedy,Drama,1.0,Drama > Thriller > Romance,N
820067.jpg,Comedy,Drama,1.0,Drama > Thriller > Romance,N
823482.jpg,Comedy,Action,1.0,Action > Thriller > Romance,N
826510.jpg,Comedy,Drama,1.0,Drama > Thriller > Romance,N
1000837.jpg,Drama,Drama,1.0,Drama > Thriller > Romance,Y
1010335.jpg,Drama,Drama,1.0,Drama > Thriller > Romance,Y
1010581.jpg,Drama,Drama,1.0,Drama > Thriller > Romance,Y
1013601.jpg,Drama,Drama,1.0,Drama > Thriller > Romance,Y
1016683.jpg,Drama,Drama,1.0,Drama > Thriller > Romance,Y
1021679.jpg,Drama,Drama,1.0,Drama > Thriller > Romance,Y
1028196.jpg,Drama,Drama,1.0,Drama > Action > Thriller,Y
1028769.jpg,Drama,Drama,1.0,Drama > Thriller > Romance,Y
1050035.jpg,Drama,Drama,1.0,Drama > Thriller > Romance,Y
105077.jpg,Drama,Drama,1.0,Drama > Thriller > Romance,Y
1056108.jpg,Drama,Drama,1.0,Drama > Thriller > Romance,Y
1059128.jpg,Drama,Drama,1.0,Drama > Thriller > Romance,Y
1059372.jpg,Drama,Drama,1.0,Drama > Thriller > Romance,Y
1061699.jpg,Drama,Drama,1.0,Drama > Thriller > Romance,Y
1079091.jpg,Drama,Drama,1.0,Drama > Thriller > Romance,Y
1079311.jpg,Drama,Drama,1.0,Drama > Thriller > Romance,Y
1083782.jpg,Drama,Drama,1.0,Drama > Thriller > Romance,Y
1086497.jpg,Drama,Drama,1.0,Drama > Thriller > Romance,Y
1092506.jpg,Drama,Drama,1.0,Drama > Thriller > Romance,Y
1097549.jpg,Drama,Drama,1.0,Drama > Thriller > Romance,Y
1100099.jpg,Drama,Drama,1.0,Drama > Thriller > Romance,Y
11036.jpg,Drama,Drama,1.0,Drama > Thriller > Romance,Y
1106739.jpg,Drama,Drama,1.0,Drama > Thriller > Romance,Y
1109255.jpg,Drama,Drama,1.0,Drama > Thriller > Romance,Y
1113583.jpg,Drama,Drama,1.0,Drama > Thriller > Romance,Y
1114137.jpg,Drama,Drama,1.0,Drama > Thriller > Romance,Y
1124.jpg,Drama,Action,1.0,Action > Romance > Thriller,N
11324.jpg,Drama,Drama,1.0,Drama > Thriller > Romance,Y
1134754.jpg,Drama,Drama,1.0,Drama > Thriller > Romance,Y
1140535.jpg,Drama,Thriller,1.0,Thriller > Romance > Drama,N
1145725.jpg,Drama,Drama,1.0,Drama > Thriller > Romance,Y
1167366.jpg,Drama,Drama,1.0,Drama > Thriller > Romance,Y
1181107.jpg,Drama,Drama,1.0,Drama > Thriller > Romance,Y
1186532.jpg,Drama,Drama,1.0,Drama > Thriller > Romance,Y
1186563.jpg,Drama,Drama,1.0,Drama > Thriller > Romance,Y
1190462.jpg,Drama,Drama,1.0,Drama > Thriller > Romance,Y
1212742.jpg,Drama,Drama,1.0,Drama > Thriller > Romance,Y
1221451.jpg,Drama,Drama,1.0,Drama > Thriller > Romance,Y
1226293.jpg,Drama,Drama,1.0,Drama > Thriller > Romance,Y
1232449.jpg,Drama,Drama,1.0,Drama > Thriller > Romance,Y
1233575.jpg,Drama,Drama,1.0,Drama > Thriller > Romance,Y
1241752.jpg,Drama,Drama,1.0,Drama > Thriller > Romance,Y
1241934.jpg,Drama,Drama,1.0,Drama > Thriller > Romance,Y
1252309.jpg,Drama,Drama,1.0,Drama > Thriller > Romance,Y
1267217.jpg,Drama,Drama,1.0,Drama > Thriller > Romance,Y
1294203.jpg,Drama,Drama,1.0,Drama > Thriller > Romance,Y
1302004.jpg,Drama,Thriller,1.0,Thriller > Romance > Drama,N
1322752.jpg,Drama,Drama,1.0,Drama > Thriller > Romance,Y
1323784.jpg,Drama,Thriller,1.0,Thriller > Romance > Drama,N
1333099.jpg,Drama,Drama,1.0,Drama > Thriller > Romance,Y
1337395.jpg,Drama,Drama,1.0,Drama > Thriller > Romance,Y
1357459.jpg,Drama,Drama,1.0,Drama > Thriller > Romance,Y
1371202.jpg,Drama,Drama,1.0,Drama > Thriller > Romance,Y
13765.jpg,Drama,Drama,1.0,Drama > Thriller > Romance,Y
1377424.jpg,Drama,Thriller,1.0,Thriller > Romance > Drama,N
1380405.jpg,Drama,Drama,1.0,Drama > Thriller > Romance,Y
1380415.jpg,Drama,Action,1.0,Action > Drama > Thriller,N
1395724.jpg,Drama,Drama,1.0,Drama > Thriller > Romance,Y
1402.jpg,Drama,Drama,1.0,Drama > Thriller > Romance,Y
141.jpg,Drama,Drama,1.0,Drama > Thriller > Romance,Y
1422211.jpg,Drama,Drama,1.0,Drama > Thriller > Romance,Y
1450436.jpg,Drama,Drama,1.0,Drama > Thriller > Romance,Y
1452267.jpg,Drama,Drama,1.0,Drama > Thriller > Romance,Y
146233.jpg,Drama,Drama,1.0,Drama > Thriller > Romance,Y
150689.jpg,Drama,Drama,1.0,Drama > Thriller > Romance,Y
152601.jpg,Drama,Drama,1.0,Drama > Thriller > Romance,Y
157336.jpg,Drama,Drama,1.0,Drama > Thriller > Romance,Y
158185.jpg,Drama,Drama,1.0,Drama > Thriller > Romance,Y
1585.jpg,Drama,Drama,1.0,Drama > Thriller > Romance,Y
167073.jpg,Drama,Drama,1.0,Drama > Thriller > Romance,Y
16869.jpg,Drama,Drama,1.0,Drama > Thriller > Romance,Y
17473.jpg,Drama,Drama,1.0,Drama > Thriller > Romance,Y
17835.jpg,Drama,Drama,1.0,Drama > Thriller > Romance,Y
1802.jpg,Drama,Drama,1.0,Drama > Thriller > Romance,Y
1834.jpg,Drama,Drama,1.0,Drama > Thriller > Romance,Y
19.jpg,Drama,Drama,1.0,Drama > Thriller > Romance,Y
191295.jpg,Drama,Thriller,1.0,Thriller > Action > Romance,N
193551.jpg,Drama,Drama,1.0,Drama > Thriller > Romance,Y
19971.jpg,Drama,Drama,1.0,Drama > Thriller > Romance,Y
205596.jpg,Drama,Drama,1.0,Drama > Thriller > Romance,Y
210577.jpg,Drama,Drama,1.0,Drama > Thriller > Romance,Y
216015.jpg,Drama,Drama,1.0,Drama > Thriller > Romance,Y
228150.jpg,Drama,Drama,1.0,Drama > Thriller > Romance,Y
238.jpg,Drama,Drama,1.0,Drama > Thriller > Romance,Y
240.jpg,Drama,Drama,1.0,Drama > Thriller > Romance,Y
242.jpg,Drama,Drama,1.0,Drama > Thriller > Romance,Y
244786.jpg,Drama,Drama,1.0,Drama > Thriller > Romance,Y
261023.jpg,Drama,Drama,1.0,Drama > Thriller > Romance,Y
2649.jpg,Drama,Drama,1.0,Drama > Thriller > Romance,Y
27.jpg,Drama,Drama,1.0,Drama > Thriller > Romance,Y
27449.jpg,Drama,Drama,1.0,Drama > Thriller > Romance,Y
278.jpg,Drama,Drama,1.0,Drama > Thriller > Romance,Y
279.jpg,Drama,Drama,1.0,Drama > Thriller > Romance,Y
281957.jpg,Drama,Drama,1.0,Drama > Thriller > Romance,Y
283366.jpg,Drama,Drama,1.0,Drama > Thriller > Romance,Y
288986.jpg,Drama,Drama,1.0,Drama > Thriller > Romance,Y
290098.jpg,Drama,Drama,1.0,Drama > Thriller > Romance,Y
294963.jpg,Drama,Drama,1.0,Drama > Thriller > Romance,Y
296096.jpg,Drama,Drama,1.0,Drama > Thriller > Romance,Y
297.jpg,Drama,Drama,1.0,Drama > Thriller > Romance,Y
302946.jpg,Drama,Drama,1.0,Drama > Thriller > Romance,Y
31011.jpg,Drama,Drama,1.0,Drama > Thriller > Romance,Y
324786.jpg,Drama,Drama,1.0,Drama > Thriller > Romance,Y
329865.jpg,Drama,Thriller,1.0,Thriller > Romance > Drama,N
334.jpg,Drama,Drama,1.0,Drama > Thriller > Romance,Y
335.jpg,Drama,Drama,1.0,Drama > Thriller > Romance,Y
335866.jpg,Drama,Thriller,1.0,Thriller > Romance > Drama,N
335984.jpg,Drama,Drama,1.0,Drama > Thriller > Romance,Y
337167.jpg,Drama,Drama,1.0,Drama > Thriller > Romance,Y
339967.jpg,Drama,Drama,1.0,Drama > Thriller > Romance,Y
346685.jpg,Drama,Drama,1.0,Drama > Thriller > Romance,Y
3558.jpg,Drama,Drama,1.0,Drama > Thriller > Romance,Y
361743.jpg,Drama,Drama,1.0,Drama > Thriller > Romance,Y
36419.jpg,Drama,Drama,1.0,Drama > Thriller > Romance,Y
370663.jpg,Drama,Drama,1.0,Drama > Thriller > Romance,Y
37094.jpg,Drama,Drama,1.0,Drama > Thriller > Romance,Y
37135.jpg,Drama,Drama,1.0,Drama > Thriller > Romance,Y
376867.jpg,Drama,Thriller,1.0,Thriller > Drama > Romance,N
37797.jpg,Drama,Drama,1.0,Drama > Thriller > Romance,Y
37799.jpg,Drama,Drama,1.0,Drama > Thriller > Romance,Y
378064.jpg,Drama,Drama,1.0,Drama > Thriller > Romance,Y
37958.jpg,Drama,Drama,1.0,Drama > Thriller > Romance,Y
38.jpg,Drama,Drama,1.0,Drama > Thriller > Romance,Y
381284.jpg,Drama,Drama,1.0,Drama > Thriller > Romance,Y
384527.jpg,Drama,Drama,1.0,Drama > Thriller > Romance,Y
388.jpg,Drama,Drama,1.0,Drama > Thriller > Romance,Y
389.jpg,Drama,Drama,1.0,Drama > Thriller > Romance,Y
392044.jpg,Drama,Drama,1.0,Drama > Thriller > Romance,Y
39538.jpg,Drama,Action,1.0,Action > Thriller > Romance,N
395458.jpg,Drama,Drama,1.0,Drama > Thriller > Romance,Y
398818.jpg,Drama,Drama,1.0,Drama > Thriller > Romance,Y
399055.jpg,Drama,Drama,1.0,Drama > Thriller > Romance,Y
401469.jpg,Drama,Drama,1.0,Drama > Thriller > Romance,Y
402431.jpg,Drama,Drama,1.0,Drama > Thriller > Romance,Y
408270.jpg,Drama,Thriller,1.0,Thriller > Romance > Drama,N
4133.jpg,Drama,Drama,1.0,Drama > Thriller > Romance,Y
4147.jpg,Drama,Drama,1.0,Drama > Thriller > Romance,Y
4148.jpg,Drama,Drama,1.0,Drama > Thriller > Romance,Y
420818.jpg,Drama,Drama,1.0,Drama > Thriller > Romance,Y
423.jpg,Drama,Drama,1.0,Drama > Thriller > Romance,Y
424.jpg,Drama,Drama,1.0,Drama > Action > Thriller,Y
429200.jpg,Drama,Drama,1.0,Drama > Thriller > Romance,Y
4347.jpg,Drama,Drama,1.0,Drama > Thriller > Romance,Y
4348.jpg,Drama,Drama,1.0,Drama > Thriller > Romance,Y
43949.jpg,Drama,Drama,1.0,Drama > Thriller > Romance,Y
44214.jpg,Drama,Drama,1.0,Drama > Thriller > Romance,Y
44264.jpg,Drama,Drama,1.0,Drama > Thriller > Romance,Y
446354.jpg,Drama,Drama,1.0,Drama > Thriller > Romance,Y
447332.jpg,Drama,Drama,1.0,Drama > Thriller > Romance,Y
4478.jpg,Drama,Drama,1.0,Drama > Thriller > Romance,Y
450465.jpg,Drama,Drama,1.0,Drama > Thriller > Romance,Y
451915.jpg,Drama,Drama,1.0,Drama > Thriller > Romance,Y
453.jpg,Drama,Drama,1.0,Drama > Thriller > Romance,Y
454.jpg,Drama,Drama,1.0,Drama > Thriller > Romance,Y
458220.jpg,Drama,Drama,1.0,Drama > Thriller > Romance,Y
462.jpg,Drama,Drama,1.0,Drama > Thriller > Romance,Y
46705.jpg,Drama,Drama,1.0,Drama > Thriller > Romance,Y
467244.jpg,Drama,Drama,1.0,Drama > Thriller > Romance,Y
46738.jpg,Drama,Thriller,1.0,Thriller > Romance > Drama,N
473.jpg,Drama,Drama,1.0,Drama > Thriller > Romance,Y
475557.jpg,Drama,Drama,1.0,Drama > Thriller > Romance,Y
481848.jpg,Drama,Drama,1.0,Drama > Thriller > Romance,Y
48650.jpg,Drama,Drama,1.0,Drama > Thriller > Romance,Y
489.jpg,Drama,Drama,1.0,Drama > Thriller > Romance,Y
490132.jpg,Drama,Drama,1.0,Drama > Thriller > Romance,Y
49046.jpg,Drama,Drama,1.0,Drama > Thriller > Romance,Y
49047.jpg,Drama,Drama,1.0,Drama > Thriller > Romance,Y
492188.jpg,Drama,Drama,1.0,Drama > Thriller > Romance,Y
4922.jpg,Drama,Drama,1.0,Drama > Thriller > Romance,Y
497.jpg,Drama,Thriller,1.0,Thriller > Romance > Drama,N
4982.jpg,Drama,Drama,1.0,Drama > Thriller > Romance,Y
4995.jpg,Drama,Drama,1.0,Drama > Thriller > Romance,Y
50014.jpg,Drama,Drama,1.0,Drama > Thriller > Romance,Y
50270.jpg,Drama,Drama,1.0,Drama > Thriller > Romance,Y
503919.jpg,Drama,Drama,1.0,Drama > Thriller > Romance,Y
504172.jpg,Drama,Drama,1.0,Drama > Thriller > Romance,Y
504253.jpg,Drama,Drama,1.0,Drama > Thriller > Romance,Y
504608.jpg,Drama,Drama,1.0,Drama > Thriller > Romance,Y
508883.jpg,Drama,Drama,1.0,Drama > Thriller > Romance,Y
510.jpg,Drama,Drama,1.0,Drama > Thriller > Romance,Y
511809.jpg,Drama,Drama,1.0,Drama > Thriller > Romance,Y
51482.jpg,Drama,Drama,1.0,Drama > Thriller > Romance,Y
516486.jpg,Drama,Drama,1.0,Drama > Thriller > Romance,Y
522212.jpg,Drama,Drama,1.0,Drama > Thriller > Romance,Y
522402.jpg,Drama,Drama,1.0,Drama > Thriller > Romance,Y
524.jpg,Drama,Drama,1.0,Drama > Thriller > Romance,Y
527641.jpg,Drama,Drama,1.0,Drama > Thriller > Romance,Y
530385.jpg,Drama,Drama,1.0,Drama > Thriller > Romance,Y
530915.jpg,Drama,Drama,1.0,Drama > Thriller > Romance,Y
531428.jpg,Drama,Drama,1.0,Drama > Thriller > Romance,Y
533444.jpg,Drama,Thriller,1.0,Thriller > Romance > Drama,N
537915.jpg,Drama,Drama,1.0,Drama > Thriller > Romance,Y
549509.jpg,Drama,Drama,1.0,Drama > Thriller > Romance,Y
550.jpg,Drama,Drama,1.0,Drama > Thriller > Romance,Y
551332.jpg,Drama,Drama,1.0,Drama > Thriller > Romance,Y
558915.jpg,Drama,Drama,1.0,Drama > Thriller > Romance,Y
559969.jpg,Drama,Drama,1.0,Drama > Thriller > Romance,Y
568.jpg,Drama,Drama,1.0,Drama > Thriller > Romance,Y
568160.jpg,Drama,Action,1.0,Action > Thriller > Romance,N
581.jpg,Drama,Drama,1.0,Drama > Thriller > Romance,Y
582014.jpg,Drama,Thriller,1.0,Thriller > Romance > Drama,N
58595.jpg,Drama,Drama,1.0,Drama > Thriller > Romance,Y
587.jpg,Drama,Drama,1.0,Drama > Thriller > Romance,Y
5879.jpg,Drama,Drama,1.0,Drama > Thriller > Romance,Y
59068.jpg,Drama,Drama,1.0,Drama > Thriller > Romance,Y
5915.jpg,Drama,Drama,1.0,Drama > Thriller > Romance,Y
592695.jpg,Drama,Drama,1.0,Drama > Thriller > Romance,Y
592831.jpg,Drama,Drama,1.0,Drama > Thriller > Romance,Y
595.jpg,Drama,Drama,1.0,Drama > Thriller > Romance,Y
597.jpg,Drama,Drama,1.0,Drama > Thriller > Romance,Y
598.jpg,Drama,Drama,1.0,Drama > Thriller > Romance,Y
600.jpg,Drama,Drama,1.0,Drama > Thriller > Romance,Y
600354.jpg,Drama,Drama,1.0,Drama > Thriller > Romance,Y
60308.jpg,Drama,Drama,1.0,Drama > Thriller > Romance,Y
6075.jpg,Drama,Drama,1.0,Drama > Thriller > Romance,Y
610219.jpg,Drama,Drama,1.0,Drama > Thriller > Romance,Y
613504.jpg,Drama,Drama,1.0,Drama > Thriller > Romance,Y
614917.jpg,Drama,Drama,1.0,Drama > Thriller > Romance,Y
614934.jpg,Drama,Drama,1.0,Drama > Thriller > Romance,Y
615.jpg,Drama,Drama,1.0,Drama > Thriller > Romance,Y
618588.jpg,Drama,Drama,1.0,Drama > Thriller > Romance,Y
619264.jpg,Drama,Drama,1.0,Drama > Thriller > Romance,Y
619979.jpg,Drama,Drama,1.0,Drama > Thriller > Romance,Y
627.jpg,Drama,Drama,1.0,Drama > Thriller > Romance,Y
628.jpg,Drama,Drama,1.0,Drama > Thriller > Romance,Y
62835.jpg,Drama,Drama,1.0,Drama > Thriller > Romance,Y
629.jpg,Drama,Action,1.0,Action > Drama > Thriller,N
63311.jpg,Drama,Drama,1.0,Drama > Thriller > Romance,Y
640.jpg,Drama,Drama,1.0,Drama > Thriller > Romance,Y
64084.jpg,Drama,Drama,1.0,Drama > Thriller > Romance,Y
644.jpg,Drama,Drama,1.0,Drama > Thriller > Romance,Y
64682.jpg,Drama,Drama,1.0,Drama > Thriller > Romance,Y
64690.jpg,Drama,Drama,1.0,Drama > Thriller > Romance,Y
652837.jpg,Drama,Drama,1.0,Drama > Thriller > Romance,Y
658224.jpg,Drama,Drama,1.0,Drama > Thriller > Romance,Y
665.jpg,Drama,Drama,1.0,Drama > Thriller > Romance,Y
666277.jpg,Drama,Thriller,1.0,Thriller > Romance > Drama,N
667520.jpg,Drama,Drama,1.0,Drama > Thriller > Romance,Y
10020.jpg,Romance,Drama,1.0,Drama > Thriller > Romance,N
1014590.jpg,Romance,Drama,1.0,Drama > Thriller > Romance,N
10184.jpg,Romance,Romance,1.0,Romance > Thriller > Drama,Y
10198.jpg,Romance,Drama,1.0,Drama > Thriller > Romance,N
10591.jpg,Romance,Drama,1.0,Drama > Thriller > Romance,N
1078600.jpg,Romance,Action,1.0,Action > Thriller > Romance,N
1127166.jpg,Romance,Drama,1.0,Drama > Thriller > Romance,N
1127227.jpg,Romance,Drama,1.0,Drama > Thriller > Romance,N
1135869.jpg,Romance,Drama,1.0,Drama > Thriller > Romance,N
1139566.jpg,Romance,Drama,1.0,Drama > Thriller > Romance,N
1142518.jpg,Romance,Drama,1.0,Drama > Thriller > Romance,N
1219158.jpg,Romance,Drama,1.0,Drama > Thriller > Romance,N
1278827.jpg,Romance,Action,1.0,Action > Thriller > Romance,N
1294983.jpg,Romance,Drama,1.0,Drama > Thriller > Romance,N
1317276.jpg,Romance,Drama,1.0,Drama > Thriller > Romance,N
1318917.jpg,Romance,Drama,1.0,Drama > Thriller > Romance,N
13789.jpg,Romance,Thriller,1.0,Thriller > Romance > Drama,N
142.jpg,Romance,Drama,1.0,Drama > Thriller > Romance,N
14324.jpg,Romance,Drama,1.0,Drama > Thriller > Romance,N
1445276.jpg,Romance,Drama,1.0,Drama > Thriller > Romance,N
157386.jpg,Romance,Drama,1.0,Drama > Thriller > Romance,N
171106.jpg,Romance,Drama,1.0,Drama > Thriller > Romance,N
1713.jpg,Romance,Drama,1.0,Drama > Thriller > Romance,N
18239.jpg,Romance,Drama,1.0,Drama > Thriller > Romance,N
184098.jpg,Romance,Drama,1.0,Drama > Thriller > Romance,N
19913.jpg,Romance,Drama,1.0,Drama > Thriller > Romance,N
2018.jpg,Romance,Drama,1.0,Drama > Thriller > Romance,N
2022.jpg,Romance,Drama,1.0,Drama > Thriller > Romance,N
2105.jpg,Romance,Thriller,1.0,Thriller > Action > Romance,N
2114.jpg,Romance,Drama,1.0,Drama > Thriller > Romance,N
21542.jpg,Romance,Drama,1.0,Drama > Thriller > Romance,N
2251.jpg,Romance,Drama,1.0,Drama > Thriller > Romance,N
22705.jpg,Romance,Drama,1.0,Drama > Thriller > Romance,N
2289.jpg,Romance,Drama,1.0,Drama > Thriller > Romance,N
23082.jpg,Romance,Drama,1.0,Drama > Thriller > Romance,N
232672.jpg,Romance,Drama,1.0,Drama > Thriller > Romance,N
24021.jpg,Romance,Drama,1.0,Drama > Thriller > Romance,N
2493.jpg,Romance,Drama,1.0,Drama > Thriller > Romance,N
259694.jpg,Romance,Drama,1.0,Drama > Thriller > Romance,N
259872.jpg,Romance,Drama,1.0,Drama > Thriller > Romance,N
261470.jpg,Romance,Drama,1.0,Drama > Thriller > Romance,N
2619.jpg,Romance,Drama,1.0,Drama > Thriller > Romance,N
26338.jpg,Romance,Drama,1.0,Drama > Thriller > Romance,N
27098.jpg,Romance,Drama,1.0,Drama > Thriller > Romance,N
27573.jpg,Romance,Drama,1.0,Drama > Thriller > Romance,N
277547.jpg,Romance,Drama,1.0,Drama > Thriller > Romance,N
2800.jpg,Romance,Drama,1.0,Drama > Thriller > Romance,N
28032.jpg,Romance,Drama,1.0,Drama > Thriller > Romance,N
28209.jpg,Romance,Drama,1.0,Drama > Thriller > Romance,N
284296.jpg,Romance,Drama,1.0,Drama > Thriller > Romance,N
286565.jpg,Romance,Drama,1.0,Drama > Thriller > Romance,N
287649.jpg,Romance,Drama,1.0,Drama > Thriller > Romance,N
291328.jpg,Romance,Drama,1.0,Drama > Thriller > Romance,N
2926.jpg,Romance,Drama,1.0,Drama > Action > Thriller,N
29882.jpg,Romance,Drama,1.0,Drama > Thriller > Romance,N
302688.jpg,Romance,Drama,1.0,Drama > Thriller > Romance,N
3036.jpg,Romance,Drama,1.0,Drama > Thriller > Romance,N
30575.jpg,Romance,Drama,1.0,Drama > Thriller > Romance,N
331482.jpg,Romance,Drama,1.0,Drama > Thriller > Romance,N
332562.jpg,Romance,Drama,1.0,Drama > Thriller > Romance,N
341174.jpg,Romance,Drama,1.0,Drama > Thriller > Romance,N
347626.jpg,Romance,Drama,1.0,Drama > Thriller > Romance,N
353066.jpg,Romance,Drama,1.0,Drama > Thriller > Romance,N
353069.jpg,Romance,Drama,1.0,Drama > Thriller > Romance,N
353577.jpg,Romance,Action,1.0,Action > Thriller > Romance,N
3638.jpg,Romance,Drama,1.0,Drama > Thriller > Romance,N
364111.jpg,Romance,Drama,1.0,Drama > Thriller > Romance,N
365942.jpg,Romance,Drama,1.0,Drama > Thriller > Romance,N
369557.jpg,Romance,Drama,1.0,Drama > Thriller > Romance,N
369885.jpg,Romance,Drama,1.0,Drama > Thriller > Romance,N
37024.jpg,Romance,Drama,1.0,Drama > Thriller > Romance,N
372049.jpg,Romance,Drama,1.0,Drama > Thriller > Romance,N
372754.jpg,Romance,Drama,1.0,Drama > Thriller > Romance,N
37710.jpg,Romance,Drama,1.0,Drama > Thriller > Romance,N
37786.jpg,Romance,Drama,1.0,Drama > Thriller > Romance,N
378108.jpg,Romance,Drama,1.0,Drama > Thriller > Romance,N
37821.jpg,Romance,Drama,1.0,Drama > Thriller > Romance,N
3784.jpg,Romance,Drama,1.0,Drama > Thriller > Romance,N
38050.jpg,Romance,Drama,1.0,Drama > Thriller > Romance,N
38142.jpg,Romance,Drama,1.0,Drama > Thriller > Romance,N
38357.jpg,Romance,Drama,1.0,Drama > Thriller > Romance,N
38408.jpg,Romance,Drama,1.0,Drama > Thriller > Romance,N
384677.jpg,Romance,Drama,1.0,Drama > Thriller > Romance,N
390634.jpg,Romance,Drama,1.0,Drama > Thriller > Romance,N
3933.jpg,Romance,Drama,1.0,Drama > Thriller > Romance,N
39545.jpg,Romance,Drama,1.0,Drama > Thriller > Romance,N
400617.jpg,Romance,Drama,1.0,Drama > Thriller > Romance,N
401.jpg,Romance,Drama,1.0,Drama > Thriller > Romance,N
40156.jpg,Romance,Thriller,1.0,Thriller > Romance > Drama,N
409.jpg,Romance,Drama,1.0,Drama > Thriller > Romance,N
41003.jpg,Romance,Drama,1.0,Drama > Thriller > Romance,N
417261.jpg,Romance,Drama,1.0,Drama > Thriller > Romance,N
417678.jpg,Romance,Drama,1.0,Drama > Thriller > Romance,N
419478.jpg,Romance,Drama,1.0,Drama > Thriller > Romance,N
420817.jpg,Romance,Drama,1.0,Drama > Thriller > Romance,N
42297.jpg,Romance,Drama,1.0,Drama > Thriller > Romance,N
426.jpg,Romance,Drama,1.0,Drama > Thriller > Romance,N
428449.jpg,Romance,Thriller,1.0,Thriller > Romance > Drama,N
42888.jpg,Romance,Drama,1.0,Drama > Thriller > Romance,N
43539.jpg,Romance,Drama,1.0,Drama > Thriller > Romance,N
4379.jpg,Romance,Drama,1.0,Drama > Thriller > Romance,N
445030.jpg,Romance,Drama,1.0,Drama > Action > Thriller,N
447277.jpg,Romance,Drama,1.0,Drama > Thriller > Romance,N
4474.jpg,Romance,Drama,1.0,Drama > Thriller > Romance,N
451.jpg,Romance,Drama,1.0,Drama > Thriller > Romance,N
4517.jpg,Romance,Drama,1.0,Drama > Thriller > Romance,N
454527.jpg,Romance,Drama,1.0,Drama > Thriller > Romance,N
4588.jpg,Romance,Thriller,1.0,Thriller > Romance > Drama,N
460668.jpg,Romance,Drama,1.0,Drama > Thriller > Romance,N
462183.jpg,Romance,Drama,1.0,Drama > Thriller > Romance,N
46503.jpg,Romance,Drama,1.0,Drama > Thriller > Romance,N
467909.jpg,Romance,Drama,1.0,Drama > Thriller > Romance,N
468224.jpg,Romance,Drama,1.0,Drama > Thriller > Romance,N
4688.jpg,Romance,Drama,1.0,Drama > Thriller > Romance,N
4806.jpg,Romance,Drama,1.0,Drama > Thriller > Romance,N
483.jpg,Romance,Drama,1.0,Drama > Thriller > Romance,N
486589.jpg,Romance,Drama,1.0,Drama > Thriller > Romance,N
48988.jpg,Romance,Drama,1.0,Drama > Thriller > Romance,N
49022.jpg,Romance,Drama,1.0,Drama > Thriller > Romance,N
503616.jpg,Romance,Drama,1.0,Drama > Thriller > Romance,N
5038.jpg,Romance,Drama,1.0,Drama > Thriller > Romance,N
506.jpg,Romance,Drama,1.0,Drama > Thriller > Romance,N
50619.jpg,Romance,Drama,1.0,Drama > Thriller > Romance,N
50647.jpg,Romance,Drama,1.0,Drama > Thriller > Romance,N
508101.jpg,Romance,Drama,1.0,Drama > Thriller > Romance,N
512895.jpg,Romance,Drama,1.0,Drama > Thriller > Romance,N
520172.jpg,Romance,Drama,1.0,Drama > Thriller > Romance,N
522924.jpg,Romance,Drama,1.0,Drama > Thriller > Romance,N
523607.jpg,Romance,Action,1.0,Action > Thriller > Romance,N
530079.jpg,Romance,Drama,1.0,Drama > Thriller > Romance,N
535544.jpg,Romance,Drama,1.0,Drama > Thriller > Romance,N
549053.jpg,Romance,Drama,1.0,Drama > Thriller > Romance,N
553835.jpg,Romance,Drama,1.0,Drama > Thriller > Romance,N
556678.jpg,Romance,Drama,1.0,Drama > Thriller > Romance,N
556694.jpg,Romance,Drama,1.0,Drama > Thriller > Romance,N
55787.jpg,Romance,Drama,1.0,Drama > Thriller > Romance,N
5689.jpg,Romance,Drama,1.0,Drama > Thriller > Romance,N
572154.jpg,Romance,Drama,1.0,Drama > Thriller > Romance,N
575417.jpg,Romance,Drama,1.0,Drama > Thriller > Romance,N
579741.jpg,Romance,Drama,1.0,Drama > Thriller > Romance,N
582596.jpg,Romance,Drama,1.0,Drama > Thriller > Romance,N
58431.jpg,Romance,Drama,1.0,Drama > Thriller > Romance,N
586791.jpg,Romance,Drama,1.0,Drama > Thriller > Romance,N
587727.jpg,Romance,Drama,1.0,Drama > Thriller > Romance,N
5966.jpg,Romance,Drama,1.0,Drama > Thriller > Romance,N
59861.jpg,Romance,Drama,1.0,Drama > Thriller > Romance,N
59962.jpg,Romance,Drama,1.0,Drama > Thriller > Romance,N
6023.jpg,Romance,Drama,1.0,Drama > Thriller > Romance,N
603661.jpg,Romance,Drama,1.0,Drama > Thriller > Romance,N
6068.jpg,Romance,Drama,1.0,Drama > Thriller > Romance,N
61108.jpg,Romance,Drama,1.0,Drama > Thriller > Romance,N
611251.jpg,Romance,Drama,1.0,Drama > Thriller > Romance,N
6114.jpg,Romance,Drama,1.0,Drama > Thriller > Romance,N
615165.jpg,Romance,Drama,1.0,Drama > Thriller > Romance,N
615904.jpg,Romance,Drama,1.0,Drama > Thriller > Romance,N
6282.jpg,Romance,Drama,1.0,Drama > Thriller > Romance,N
629078.jpg,Romance,Drama,1.0,Drama > Thriller > Romance,N
632632.jpg,Romance,Drama,1.0,Drama > Thriller > Romance,N
63492.jpg,Romance,Drama,1.0,Drama > Thriller > Romance,N
638449.jpg,Romance,Drama,1.0,Drama > Thriller > Romance,N
6520.jpg,Romance,Drama,1.0,Drama > Thriller > Romance,N
654.jpg,Romance,Drama,1.0,Drama > Thriller > Romance,N
6557.jpg,Romance,Drama,1.0,Drama > Thriller > Romance,N
660120.jpg,Romance,Drama,1.0,Drama > Thriller > Romance,N
6615.jpg,Romance,Drama,1.0,Drama > Thriller > Romance,N
6620.jpg,Romance,Drama,1.0,Drama > Thriller > Romance,N
672647.jpg,Romance,Drama,1.0,Drama > Thriller > Romance,N
67660.jpg,Romance,Drama,1.0,Drama > Thriller > Romance,N
6877.jpg,Romance,Drama,1.0,Drama > Thriller > Romance,N
688.jpg,Romance,Drama,1.0,Drama > Thriller > Romance,N
68817.jpg,Romance,Drama,1.0,Drama > Thriller > Romance,N
694943.jpg,Romance,Drama,1.0,Drama > Thriller > Romance,N
6964.jpg,Romance,Drama,1.0,Drama > Thriller > Romance,N
705996.jpg,Romance,Drama,1.0,Drama > Thriller > Romance,N
70868.jpg,Romance,Drama,1.0,Drama > Thriller > Romance,N
72207.jpg,Romance,Drama,1.0,Drama > Thriller > Romance,N
72570.jpg,Romance,Drama,1.0,Drama > Thriller > Romance,N
7520.jpg,Romance,Thriller,1.0,Thriller > Romance > Drama,N
753342.jpg,Romance,Drama,1.0,Drama > Thriller > Romance,N
7553.jpg,Romance,Drama,1.0,Drama > Thriller > Romance,N
758009.jpg,Romance,Drama,1.0,Drama > Thriller > Romance,N
758336.jpg,Romance,Drama,1.0,Drama > Thriller > Romance,N
759.jpg,Romance,Drama,1.0,Drama > Thriller > Romance,N
75900.jpg,Romance,Drama,1.0,Drama > Thriller > Romance,N
76649.jpg,Romance,Drama,1.0,Drama > Thriller > Romance,N
782.jpg,Romance,Drama,1.0,Drama > Thriller > Romance,N
791177.jpg,Romance,Drama,1.0,Drama > Thriller > Romance,N
80.jpg,Romance,Drama,1.0,Drama > Thriller > Romance,N
800939.jpg,Romance,Drama,1.0,Drama > Thriller > Romance,N
804.jpg,Romance,Drama,1.0,Drama > Thriller > Romance,N
8051.jpg,Romance,Drama,1.0,Drama > Thriller > Romance,N
80585.jpg,Romance,Drama,1.0,Drama > Thriller > Romance,N
8095.jpg,Romance,Thriller,0.9912,Thriller > Action > Romance,N
820446.jpg,Romance,Drama,1.0,Drama > Thriller > Romance,N
820530.jpg,Romance,Drama,1.0,Drama > Thriller > Romance,N
823.jpg,Romance,Drama,1.0,Drama > Thriller > Romance,N
8346.jpg,Romance,Drama,1.0,Drama > Thriller > Romance,N
8390.jpg,Romance,Drama,1.0,Drama > Thriller > Romance,N
84174.jpg,Romance,Drama,1.0,Drama > Thriller > Romance,N
843269.jpg,Romance,Drama,1.0,Drama > Thriller > Romance,N
848187.jpg,Romance,Drama,1.0,Drama > Thriller > Romance,N
859.jpg,Romance,Drama,1.0,Drama > Thriller > Romance,N
860159.jpg,Romance,Drama,1.0,Drama > Thriller > Romance,N
8676.jpg,Romance,Drama,1.0,Drama > Thriller > Romance,N
1000075.jpg,Thriller,Drama,1.0,Drama > Thriller > Romance,N
1001274.jpg,Thriller,Drama,1.0,Drama > Thriller > Romance,N
1020414.jpg,Thriller,Drama,1.0,Drama > Thriller > Romance,N
1029235.jpg,Thriller,Drama,1.0,Drama > Thriller > Romance,N
1029880.jpg,Thriller,Drama,1.0,Drama > Thriller > Romance,N
1034541.jpg,Thriller,Drama,1.0,Drama > Thriller > Romance,N
1059643.jpg,Thriller,Drama,1.0,Drama > Thriller > Romance,N
1064028.jpg,Thriller,Thriller,1.0,Thriller > Romance > Drama,Y
1078605.jpg,Thriller,Thriller,1.0,Thriller > Romance > Drama,Y
1083968.jpg,Thriller,Drama,1.0,Drama > Thriller > Romance,N
1084199.jpg,Thriller,Drama,1.0,Drama > Thriller > Romance,N
1092.jpg,Thriller,Drama,1.0,Drama > Thriller > Romance,N
1096838.jpg,Thriller,Drama,1.0,Drama > Thriller > Romance,N
1100856.jpg,Thriller,Drama,1.0,Drama > Thriller > Romance,N
1100988.jpg,Thriller,Drama,1.0,Drama > Thriller > Romance,N
1114513.jpg,Thriller,Drama,1.0,Drama > Thriller > Romance,N
1124641.jpg,Thriller,Drama,1.0,Drama > Thriller > Romance,N
1125510.jpg,Thriller,Drama,1.0,Drama > Thriller > Romance,N
11281.jpg,Thriller,Drama,1.0,Drama > Thriller > Romance,N
1138194.jpg,Thriller,Action,1.0,Action > Thriller > Romance,N
1138749.jpg,Thriller,Drama,1.0,Drama > Thriller > Romance,N
1164355.jpg,Thriller,Thriller,1.0,Thriller > Romance > Drama,Y
1165067.jpg,Thriller,Drama,1.0,Drama > Thriller > Romance,N
1196470.jpg,Thriller,Drama,1.0,Drama > Thriller > Romance,N
1202479.jpg,Thriller,Drama,1.0,Drama > Thriller > Romance,N
1208983.jpg,Thriller,Drama,1.0,Drama > Thriller > Romance,N
1222064.jpg,Thriller,Drama,1.0,Drama > Thriller > Romance,N
1233413.jpg,Thriller,Drama,1.0,Drama > Thriller > Romance,N
1234821.jpg,Thriller,Drama,1.0,Drama > Thriller > Romance,N
1243186.jpg,Thriller,Drama,1.0,Drama > Thriller > Romance,N
1249213.jpg,Thriller,Drama,1.0,Drama > Thriller > Romance,N
1249289.jpg,Thriller,Drama,1.0,Drama > Thriller > Romance,N
1249385.jpg,Thriller,Drama,1.0,Drama > Thriller > Romance,N
1262983.jpg,Thriller,Drama,1.0,Drama > Thriller > Romance,N
1276073.jpg,Thriller,Drama,1.0,Drama > Thriller > Romance,N
1282980.jpg,Thriller,Drama,1.0,Drama > Thriller > Romance,N
1293263.jpg,Thriller,Drama,1.0,Drama > Thriller > Romance,N
1301846.jpg,Thriller,Drama,1.0,Drama > Thriller > Romance,N
131631.jpg,Thriller,Drama,1.0,Drama > Thriller > Romance,N
1322522.jpg,Thriller,Action,1.0,Action > Thriller > Romance,N
13448.jpg,Thriller,Drama,1.0,Drama > Thriller > Romance,N
1355126.jpg,Thriller,Drama,1.0,Drama > Thriller > Romance,N
138843.jpg,Thriller,Drama,1.0,Drama > Thriller > Romance,N
170.jpg,Thriller,Drama,1.0,Drama > Thriller > Romance,N
204082.jpg,Thriller,Drama,1.0,Drama > Thriller > Romance,N
21735.jpg,Thriller,Drama,1.0,Drama > Thriller > Romance,N
220289.jpg,Thriller,Drama,1.0,Drama > Thriller > Romance,N
220882.jpg,Thriller,Drama,1.0,Drama > Thriller > Romance,N
22112.jpg,Thriller,Drama,1.0,Drama > Thriller > Romance,N
245891.jpg,Thriller,Drama,1.0,Drama > Thriller > Romance,N
250574.jpg,Thriller,Drama,1.0,Drama > Thriller > Romance,N
257094.jpg,Thriller,Drama,1.0,Drama > Thriller > Romance,N
276907.jpg,Thriller,Drama,1.0,Drama > Thriller > Romance,N
343674.jpg,Thriller,Drama,1.0,Drama > Thriller > Romance,N
359246.jpg,Thriller,Drama,1.0,Drama > Thriller > Romance,N
359410.jpg,Thriller,Drama,1.0,Drama > Thriller > Romance,N
3600.jpg,Thriller,Drama,1.0,Drama > Thriller > Romance,N
376570.jpg,Thriller,Drama,1.0,Drama > Thriller > Romance,N
384521.jpg,Thriller,Drama,1.0,Drama > Thriller > Romance,N
399402.jpg,Thriller,Thriller,1.0,Thriller > Romance > Drama,Y
401981.jpg,Thriller,Drama,1.0,Drama > Thriller > Romance,N
414906.jpg,Thriller,Drama,1.0,Drama > Thriller > Romance,N
423108.jpg,Thriller,Drama,1.0,Drama > Thriller > Romance,N
424139.jpg,Thriller,Drama,1.0,Drama > Thriller > Romance,N
425274.jpg,Thriller,Drama,1.0,Drama > Thriller > Romance,N
433808.jpg,Thriller,Drama,1.0,Drama > Thriller > Romance,N
442249.jpg,Thriller,Drama,1.0,Drama > Thriller > Romance,N
44912.jpg,Thriller,Drama,1.0,Drama > Thriller > Romance,N
453405.jpg,Thriller,Drama,1.0,Drama > Thriller > Romance,N
45612.jpg,Thriller,Drama,1.0,Drama > Thriller > Romance,N
458723.jpg,Thriller,Thriller,1.0,Thriller > Drama > Romance,Y
460019.jpg,Thriller,Drama,1.0,Drama > Thriller > Romance,N
479.jpg,Thriller,Drama,1.0,Drama > Thriller > Romance,N
4858.jpg,Thriller,Drama,1.0,Drama > Thriller > Romance,N
49018.jpg,Thriller,Drama,1.0,Drama > Thriller > Romance,N
493922.jpg,Thriller,Drama,1.0,Drama > Thriller > Romance,N
49527.jpg,Thriller,Drama,1.0,Drama > Thriller > Romance,N
49530.jpg,Thriller,Drama,1.0,Drama > Thriller > Romance,N
4977.jpg,Thriller,Drama,1.0,Drama > Thriller > Romance,N
500.jpg,Thriller,Drama,1.0,Drama > Thriller > Romance,N
502416.jpg,Thriller,Drama,1.0,Drama > Thriller > Romance,N
505026.jpg,Thriller,Drama,1.0,Drama > Thriller > Romance,N
507089.jpg,Thriller,Drama,1.0,Drama > Thriller > Romance,N
513310.jpg,Thriller,Drama,1.0,Drama > Thriller > Romance,N
514593.jpg,Thriller,Drama,1.0,Drama > Thriller > Romance,N
516632.jpg,Thriller,Drama,1.0,Drama > Thriller > Romance,N
518068.jpg,Thriller,Drama,1.0,Drama > Thriller > Romance,N
51876.jpg,Thriller,Drama,1.0,Drama > Thriller > Romance,N
520763.jpg,Thriller,Drama,1.0,Drama > Thriller > Romance,N
539.jpg,Thriller,Drama,1.0,Drama > Thriller > Romance,N
5549.jpg,Thriller,Drama,1.0,Drama > Thriller > Romance,N
567.jpg,Thriller,Drama,1.0,Drama > Thriller > Romance,N
570670.jpg,Thriller,Drama,1.0,Drama > Thriller > Romance,N
577922.jpg,Thriller,Drama,1.0,Drama > Thriller > Romance,N
578.jpg,Thriller,Thriller,1.0,Thriller > Romance > Drama,Y
581528.jpg,Thriller,Drama,1.0,Drama > Thriller > Romance,N
5876.jpg,Thriller,Drama,1.0,Drama > Thriller > Romance,N
591.jpg,Thriller,Drama,1.0,Drama > Thriller > Romance,N
59965.jpg,Thriller,Action,1.0,Action > Thriller > Romance,N
60747.jpg,Thriller,Drama,1.0,Drama > Thriller > Romance,N
610253.jpg,Thriller,Drama,1.0,Drama > Thriller > Romance,N
614479.jpg,Thriller,Thriller,1.0,Thriller > Drama > Romance,Y
6145.jpg,Thriller,Drama,1.0,Drama > Thriller > Romance,N
615457.jpg,Thriller,Drama,1.0,Drama > Thriller > Romance,N
616820.jpg,Thriller,Drama,1.0,Drama > Thriller > Romance,N
617.jpg,Thriller,Drama,1.0,Drama > Thriller > Romance,N
619730.jpg,Thriller,Drama,1.0,Drama > Thriller > Romance,N
63.jpg,Thriller,Drama,1.0,Drama > Thriller > Romance,N
630586.jpg,Thriller,Drama,1.0,Drama > Thriller > Romance,N
631843.jpg,Thriller,Drama,1.0,Drama > Thriller > Romance,N
632727.jpg,Thriller,Drama,1.0,Drama > Thriller > Romance,N
645710.jpg,Thriller,Drama,1.0,Drama > Thriller > Romance,N
646.jpg,Thriller,Drama,1.0,Drama > Thriller > Romance,N
646385.jpg,Thriller,Drama,1.0,Drama > Thriller > Romance,N
646683.jpg,Thriller,Thriller,1.0,Thriller > Romance > Drama,Y
650033.jpg,Thriller,Drama,1.0,Drama > Thriller > Romance,N
657.jpg,Thriller,Thriller,1.0,Thriller > Action > Romance,Y
65754.jpg,Thriller,Drama,1.0,Drama > Thriller > Romance,N
663.jpg,Thriller,Action,1.0,Action > Thriller > Romance,N
663712.jpg,Thriller,Drama,1.0,Drama > Thriller > Romance,N
671903.jpg,Thriller,Thriller,1.0,Thriller > Romance > Drama,Y
680.jpg,Thriller,Drama,1.0,Drama > Thriller > Romance,N
681.jpg,Thriller,Drama,1.0,Drama > Thriller > Romance,N
691.jpg,Thriller,Drama,1.0,Drama > Thriller > Romance,N
694.jpg,Thriller,Drama,1.0,Drama > Thriller > Romance,N
709.jpg,Thriller,Drama,1.0,Drama > Thriller > Romance,N
710.jpg,Thriller,Drama,1.0,Drama > Thriller > Romance,N
710295.jpg,Thriller,Thriller,1.0,Thriller > Romance > Drama,Y
713704.jpg,Thriller,Drama,1.0,Drama > Thriller > Romance,N
71672.jpg,Thriller,Drama,1.0,Drama > Thriller > Romance,N
71676.jpg,Thriller,Drama,1.0,Drama > Thriller > Romance,N
7191.jpg,Thriller,Thriller,1.0,Thriller > Romance > Drama,Y
72387.jpg,Thriller,Drama,1.0,Drama > Thriller > Romance,N
72784.jpg,Thriller,Drama,1.0,Drama > Thriller > Romance,N
7340.jpg,Thriller,Drama,1.0,Drama > Thriller > Romance,N
73861.jpg,Thriller,Drama,1.0,Drama > Thriller > Romance,N
74.jpg,Thriller,Drama,1.0,Drama > Thriller > Romance,N
744746.jpg,Thriller,Drama,1.0,Drama > Thriller > Romance,N
744857.jpg,Thriller,Thriller,1.0,Thriller > Romance > Drama,Y
7551.jpg,Thriller,Drama,1.0,Drama > Thriller > Romance,N
75656.jpg,Thriller,Drama,1.0,Drama > Thriller > Romance,N
756999.jpg,Thriller,Drama,1.0,Drama > Thriller > Romance,N
758323.jpg,Thriller,Drama,1.0,Drama > Thriller > Romance,N
760104.jpg,Thriller,Drama,1.0,Drama > Thriller > Romance,N
762441.jpg,Thriller,Drama,1.0,Drama > Thriller > Romance,N
762504.jpg,Thriller,Drama,1.0,Drama > Thriller > Romance,N
76617.jpg,Thriller,Drama,1.0,Drama > Thriller > Romance,N
77.jpg,Thriller,Action,1.0,Action > Thriller > Romance,N
78383.jpg,Thriller,Drama,1.0,Drama > Thriller > Romance,N
800158.jpg,Thriller,Drama,1.0,Drama > Thriller > Romance,N
801335.jpg,Thriller,Drama,1.0,Drama > Thriller > Romance,N
807.jpg,Thriller,Drama,1.0,Drama > Thriller > Romance,N
82507.jpg,Thriller,Drama,1.0,Drama > Thriller > Romance,N
82682.jpg,Thriller,Drama,1.0,Drama > Thriller > Romance,N
838209.jpg,Thriller,Drama,1.0,Drama > Thriller > Romance,N
840705.jpg,Thriller,Drama,1.0,Drama > Thriller > Romance,N
8452.jpg,Thriller,Drama,1.0,Drama > Thriller > Romance,N
846.jpg,Thriller,Drama,1.0,Drama > Thriller > Romance,N
8645.jpg,Thriller,Drama,1.0,Drama > Thriller > Romance,N
87516.jpg,Thriller,Drama,1.0,Drama > Thriller > Romance,N
913290.jpg,Thriller,Thriller,1.0,Thriller > Romance > Drama,Y
91586.jpg,Thriller,Drama,1.0,Drama > Thriller > Romance,N
9208.jpg,Thriller,Drama,1.0,Drama > Thriller > Romance,N
923667.jpg,Thriller,Drama,1.0,Drama > Thriller > Romance,N
931349.jpg,Thriller,Thriller,1.0,Thriller > Romance > Drama,Y
9335.jpg,Thriller,Action,1.0,Action > Thriller > Romance,N
9341.jpg,Thriller,Drama,1.0,Drama > Thriller > Romance,N
934433.jpg,Thriller,Drama,1.0,Drama > Thriller > Romance,N
9360.jpg,Thriller,Drama,1.0,Drama > Thriller > Romance,N
9378.jpg,Thriller,Drama,1.0,Drama > Thriller > Romance,N
9383.jpg,Thriller,Drama,1.0,Drama > Thriller > Romance,N
945729.jpg,Thriller,Drama,1.0,Drama > Thriller > Romance,N
948.jpg,Thriller,Drama,1.0,Drama > Thriller > Romance,N
949423.jpg,Thriller,Drama,1.0,Drama > Thriller > Romance,N
951491.jpg,Thriller,Drama,1.0,Drama > Thriller > Romance,N
969492.jpg,Thriller,Drama,1.0,Drama > Thriller > Romance,N
9705.jpg,Thriller,Drama,1.0,Drama > Thriller > Romance,N
978796.jpg,Thriller,Drama,1.0,Drama > Thriller > Romance,N
9792.jpg,Thriller,Drama,1.0,Drama > Thriller > Romance,N
982.jpg,Thriller,Action,1.0,Action > Thriller > Romance,N
985939.jpg,Thriller,Drama,1.0,Drama > Thriller > Romance,N
9902.jpg,Thriller,Drama,1.0,Drama > Thriller > Romance,N
